filename,class,x_min,y_min,x_max,y_max
0001.jpg,FT,470,387,671,689
0003.jpg,FT,470,386,671,690
0004.jpg,FT,470,386,671,690
0005.jpg,FT,470,386,671,691
0006.jpg,FT,470,386,671,691
0007.jpg,FT,469,385,671,692
0008.jpg,FT,469,385,671,693
0009.jpg,FT,468,384,671,694
0010.jpg,FT,468,382,672,695
0011.jpg,FT,467,381,673,696
0012.jpg,FT,466,380,675,698
0013.jpg,FT,465,378,677,699
0014.jpg,FT,465,377,679,701
0015.jpg,FT,464,375,681,702
0016.jpg,FT,463,373,683,704
0017.jpg,FT,462,371,685,706
0018.jpg,FT,461,369,687,708
0019.jpg,FT,460,367,690,710
0020.jpg,FT,458,365,692,713
0021.jpg,FT,457,363,694,715
0022.jpg,FT,456,361,697,717
0023.jpg,FT,455,359,699,719
0024.jpg,FT,454,357,701,722
0025.jpg,FT,452,355,704,724
0026.jpg,FT,451,353,706,726
0027.jpg,FT,450,351,707,728
0028.jpg,FT,449,349,709,730
0029.jpg,FT,447,348,711,732
0030.jpg,FT,446,346,712,734
0031.jpg,FT,445,345,713,736
0031.jpg,Solar Panel,178,313,512,404
0031.jpg,Solar Panel,346,405,627,530
0031.jpg,Solar Panel,655,371,998,463
0032.jpg,FT,444,344,714,737
0032.jpg,Solar Panel,181,308,515,405
0032.jpg,Solar Panel,338,407,624,538
0032.jpg,Solar Panel,652,373,996,472
0033.jpg,FT,443,343,715,739
0033.jpg,Solar Panel,184,304,518,407
0033.jpg,Solar Panel,330,409,620,547
0033.jpg,Solar Panel,649,376,993,482
0034.jpg,FT,442,343,715,740
0034.jpg,Solar Panel,188,299,521,408
0034.jpg,Solar Panel,322,411,616,555
0034.jpg,Solar Panel,645,379,990,492
0035.jpg,FT,441,342,716,741
0035.jpg,Solar Panel,192,295,523,410
0035.jpg,Solar Panel,314,414,612,563
0035.jpg,Solar Panel,641,382,986,502
0036.jpg,FT,440,342,715,742
0036.jpg,Solar Panel,197,290,526,411
0036.jpg,Solar Panel,307,416,608,571
0036.jpg,Solar Panel,636,386,981,512
0037.jpg,FT,439,343,715,742
0037.jpg,Solar Panel,202,286,529,413
0037.jpg,Solar Panel,299,418,603,578
0037.jpg,Solar Panel,632,390,975,523
0038.jpg,FT,439,343,714,742
0038.jpg,Solar Panel,207,282,532,414
0038.jpg,Solar Panel,292,420,599,584
0038.jpg,Solar Panel,627,395,969,534
0039.jpg,FT,438,344,713,743
0039.jpg,Solar Panel,213,278,534,415
0039.jpg,Solar Panel,286,422,594,590
0039.jpg,Solar Panel,622,399,962,544
0040.jpg,FT,438,345,712,742
0040.jpg,Solar Panel,219,275,537,417
0040.jpg,Solar Panel,280,424,589,595
0040.jpg,Solar Panel,617,404,954,555
0041.jpg,FT,437,346,710,742
0041.jpg,Solar Panel,225,271,539,418
0041.jpg,Solar Panel,274,426,584,600
0041.jpg,Solar Panel,612,409,946,565
0042.jpg,FT,437,348,708,742
0042.jpg,Solar Panel,232,268,542,419
0042.jpg,Solar Panel,269,428,579,604
0042.jpg,Solar Panel,607,414,937,575
0043.jpg,FT,436,350,706,741
0043.jpg,Solar Panel,239,266,544,421
0043.jpg,Solar Panel,264,429,574,607
0043.jpg,Solar Panel,601,419,927,585
0044.jpg,FT,436,352,703,740
0044.jpg,Solar Panel,246,264,547,422
0044.jpg,Solar Panel,260,431,569,609
0044.jpg,Solar Panel,596,424,917,594
0045.jpg,FT,436,354,701,739
0045.jpg,Solar Panel,254,262,549,423
0045.jpg,Solar Panel,256,432,564,611
0045.jpg,Solar Panel,591,429,907,603
0046.jpg,FT,436,356,698,737
0046.jpg,Solar Panel,261,260,551,424
0046.jpg,Solar Panel,252,434,559,613
0046.jpg,Solar Panel,585,434,896,611
0047.jpg,FT,436,358,695,736
0047.jpg,Solar Panel,269,259,553,425
0047.jpg,Solar Panel,249,435,554,613
0047.jpg,Solar Panel,580,439,885,619
0048.jpg,FT,436,361,691,734
0048.jpg,Solar Panel,276,258,555,426
0048.jpg,Solar Panel,246,436,549,614
0048.jpg,Solar Panel,575,444,874,627
0049.jpg,FT,436,363,688,732
0049.jpg,Solar Panel,284,257,556,427
0049.jpg,Solar Panel,244,437,544,613
0049.jpg,Solar Panel,569,449,862,633
0050.jpg,FT,437,366,684,731
0050.jpg,Solar Panel,291,256,558,428
0050.jpg,Solar Panel,242,438,540,613
0050.jpg,Solar Panel,564,454,851,640
0051.jpg,FT,437,369,681,729
0051.jpg,Solar Panel,299,256,559,428
0051.jpg,Solar Panel,240,438,535,611
0051.jpg,Solar Panel,559,459,839,645
0052.jpg,FT,437,372,677,726
0052.jpg,Solar Panel,307,256,561,429
0052.jpg,Solar Panel,239,439,531,610
0052.jpg,Solar Panel,554,463,828,651
0053.jpg,FT,438,374,673,724
0053.jpg,Solar Panel,314,257,562,430
0053.jpg,Solar Panel,238,440,526,608
0053.jpg,Solar Panel,549,468,816,655
0054.jpg,FT,438,377,670,722
0054.jpg,Solar Panel,321,257,563,430
0054.jpg,Solar Panel,238,440,522,606
0054.jpg,Solar Panel,545,472,805,659
0055.jpg,FT,439,380,666,720
0055.jpg,Solar Panel,329,258,564,431
0055.jpg,Solar Panel,237,441,518,603
0055.jpg,Solar Panel,540,476,794,663
0056.jpg,FT,439,383,662,718
0056.jpg,Solar Panel,336,259,565,431
0056.jpg,Solar Panel,237,441,514,601
0056.jpg,Solar Panel,536,480,783,666
0057.jpg,FT,440,385,658,715
0057.jpg,Solar Panel,343,260,566,432
0057.jpg,Solar Panel,237,442,511,598
0057.jpg,Solar Panel,532,483,772,669
0058.jpg,FT,440,388,654,713
0058.jpg,Solar Panel,349,261,567,432
0058.jpg,Solar Panel,237,442,507,595
0058.jpg,Solar Panel,527,487,761,672
0059.jpg,FT,441,391,651,711
0059.jpg,Solar Panel,356,262,567,432
0059.jpg,Solar Panel,238,442,504,592
0059.jpg,Solar Panel,523,490,751,674
0060.jpg,Solar Panel,362,264,568,433
0060.jpg,Solar Panel,238,443,500,589
0060.jpg,Solar Panel,520,493,741,676
0061.jpg,Solar Panel,369,265,569,433
0061.jpg,Solar Panel,239,443,497,585
0061.jpg,Solar Panel,516,496,731,677
0062.jpg,Solar Panel,375,267,569,433
0062.jpg,Solar Panel,240,443,494,582
0062.jpg,Solar Panel,512,499,721,679
0063.jpg,Solar Panel,381,269,570,433
0063.jpg,Solar Panel,240,443,491,579
0063.jpg,Solar Panel,509,502,711,680
0064.jpg,Solar Panel,386,270,570,433
0064.jpg,Solar Panel,241,443,488,575
0064.jpg,Solar Panel,506,504,702,680
0065.jpg,Solar Panel,392,272,571,433
0065.jpg,Solar Panel,242,443,485,572
0065.jpg,Solar Panel,502,507,693,681
0066.jpg,Solar Panel,397,274,571,434
0066.jpg,Solar Panel,243,443,483,568
0066.jpg,Solar Panel,499,509,685,681
0067.jpg,Solar Panel,403,275,571,434
0067.jpg,Solar Panel,244,443,480,565
0067.jpg,Solar Panel,496,511,676,681
0068.jpg,Solar Panel,408,277,572,434
0068.jpg,Solar Panel,245,443,478,562
0068.jpg,Solar Panel,493,513,668,682
0069.jpg,Solar Panel,413,279,572,434
0069.jpg,Solar Panel,246,443,475,558
0069.jpg,Solar Panel,491,514,660,682
0070.jpg,Solar Panel,417,280,572,434
0070.jpg,Solar Panel,247,442,473,555
0070.jpg,Solar Panel,488,516,653,681
0071.jpg,Solar Panel,422,282,572,433
0071.jpg,Solar Panel,248,442,471,552
0071.jpg,Solar Panel,485,518,645,681
0072.jpg,Solar Panel,427,283,573,433
0072.jpg,Solar Panel,249,442,468,548
0072.jpg,Solar Panel,483,519,638,681
0073.jpg,Solar Panel,431,285,573,433
0073.jpg,Solar Panel,250,442,466,545
0073.jpg,Solar Panel,480,521,631,681
0074.jpg,Solar Panel,435,286,573,433
0074.jpg,Solar Panel,251,441,464,542
0074.jpg,Solar Panel,478,522,624,680
0075.jpg,Solar Panel,440,287,574,433
0075.jpg,Solar Panel,252,441,462,538
0075.jpg,Solar Panel,475,523,617,680
0076.jpg,Solar Panel,444,289,574,432
0076.jpg,Solar Panel,252,440,460,535
0076.jpg,Solar Panel,473,524,610,679
0077.jpg,Solar Panel,448,290,574,432
0077.jpg,Solar Panel,253,440,458,532
0077.jpg,Solar Panel,471,526,604,679
0078.jpg,Solar Panel,452,291,575,432
0078.jpg,Solar Panel,253,439,456,529
0078.jpg,Solar Panel,468,527,597,678
0079.jpg,Solar Panel,456,292,575,431
0079.jpg,Solar Panel,253,439,454,525
0079.jpg,Solar Panel,466,528,591,678
0080.jpg,Solar Panel,460,293,575,431
0080.jpg,Solar Panel,251,438,452,522
0080.jpg,Solar Panel,463,529,585,678
0081.jpg,Solar Panel,462,294,576,430
0081.jpg,Solar Panel,249,436,452,521
0081.jpg,Solar Panel,458,529,578,678
0082.jpg,Solar Panel,462,293,579,431
0082.jpg,Solar Panel,247,432,452,520
0082.jpg,Solar Panel,451,528,576,679
0083.jpg,Solar Panel,462,293,583,432
0083.jpg,Solar Panel,245,429,452,520
0083.jpg,Solar Panel,445,528,573,680
0084.jpg,Solar Panel,463,292,587,433
0084.jpg,Solar Panel,244,426,452,519
0084.jpg,Solar Panel,439,527,571,681
0085.jpg,Solar Panel,463,292,591,434
0085.jpg,Solar Panel,242,422,452,518
0085.jpg,Solar Panel,432,527,569,682
0086.jpg,Solar Panel,464,291,595,435
0086.jpg,Solar Panel,240,419,452,517
0086.jpg,Solar Panel,426,526,566,682
0087.jpg,Solar Panel,464,291,599,436
0087.jpg,Solar Panel,238,416,453,516
0087.jpg,Solar Panel,420,525,564,683
0088.jpg,Solar Panel,464,290,603,436
0088.jpg,Solar Panel,236,412,453,515
0088.jpg,Solar Panel,413,524,561,684
0089.jpg,Solar Panel,465,290,607,437
0089.jpg,Solar Panel,235,409,453,514
0089.jpg,Solar Panel,407,524,559,684
0090.jpg,Solar Panel,465,290,611,438
0090.jpg,Solar Panel,233,405,453,513
0090.jpg,Solar Panel,400,523,556,684
0091.jpg,Solar Panel,466,289,615,439
0091.jpg,Solar Panel,231,402,453,512
0091.jpg,Solar Panel,394,522,554,685
0092.jpg,Solar Panel,466,289,619,440
0092.jpg,Solar Panel,229,399,453,511
0092.jpg,Solar Panel,387,521,551,685
0093.jpg,Solar Panel,467,289,623,440
0093.jpg,Solar Panel,228,395,454,510
0093.jpg,Solar Panel,381,520,549,685
0094.jpg,Solar Panel,467,288,627,441
0094.jpg,Solar Panel,226,391,454,508
0094.jpg,Solar Panel,374,518,546,685
0095.jpg,Solar Panel,467,288,632,442
0095.jpg,Solar Panel,224,388,454,507
0095.jpg,Solar Panel,367,517,544,684
0096.jpg,Solar Panel,468,288,636,442
0096.jpg,Solar Panel,223,384,454,505
0096.jpg,Solar Panel,361,516,541,684
0097.jpg,Solar Panel,468,288,640,443
0097.jpg,Solar Panel,221,381,455,504
0097.jpg,Solar Panel,354,514,538,684
0098.jpg,Solar Panel,469,288,644,444
0098.jpg,Solar Panel,220,377,455,502
0098.jpg,Solar Panel,347,513,535,683
0099.jpg,Solar Panel,470,288,649,444
0099.jpg,Solar Panel,219,373,455,501
0099.jpg,Solar Panel,340,511,532,682
0100.jpg,Solar Panel,470,287,653,445
0100.jpg,Solar Panel,217,370,455,499
0100.jpg,Solar Panel,333,510,530,681
0101.jpg,Solar Panel,471,288,657,446
0101.jpg,Solar Panel,216,366,456,497
0101.jpg,Solar Panel,326,508,527,680
0102.jpg,Solar Panel,471,288,661,446
0102.jpg,Solar Panel,215,362,456,496
0102.jpg,Solar Panel,319,506,524,679
0103.jpg,Solar Panel,472,288,666,447
0103.jpg,Solar Panel,213,359,456,494
0103.jpg,Solar Panel,312,505,521,678
0104.jpg,Solar Panel,472,288,670,447
0104.jpg,Solar Panel,212,355,457,492
0104.jpg,Solar Panel,305,503,518,676
0105.jpg,Solar Panel,473,288,675,448
0105.jpg,Solar Panel,211,352,457,490
0105.jpg,Solar Panel,298,501,515,674
0106.jpg,Solar Panel,474,289,679,448
0106.jpg,Solar Panel,210,348,457,488
0106.jpg,Solar Panel,290,499,511,672
0107.jpg,Solar Panel,474,289,683,448
0107.jpg,Solar Panel,209,344,458,486
0107.jpg,Solar Panel,283,497,508,670
0108.jpg,Solar Panel,475,289,688,449
0108.jpg,Solar Panel,209,341,458,484
0108.jpg,Solar Panel,276,494,505,668
0109.jpg,Solar Panel,476,290,692,449
0109.jpg,Solar Panel,208,338,459,481
0109.jpg,Solar Panel,268,492,502,666
0110.jpg,Solar Panel,476,290,697,449
0110.jpg,Solar Panel,207,334,459,479
0110.jpg,Solar Panel,261,490,498,663
0111.jpg,Solar Panel,477,291,701,450
0111.jpg,Solar Panel,207,331,460,477
0111.jpg,Solar Panel,254,487,495,660
0112.jpg,Solar Panel,478,292,706,450
0112.jpg,Solar Panel,207,327,460,474
0112.jpg,Solar Panel,246,485,491,657
0113.jpg,Solar Panel,479,293,710,450
0113.jpg,Solar Panel,206,324,461,472
0113.jpg,Solar Panel,239,482,488,653
0114.jpg,Solar Panel,479,294,715,450
0114.jpg,Solar Panel,206,321,461,470
0114.jpg,Solar Panel,232,480,484,650
0115.jpg,Solar Panel,480,295,719,450
0115.jpg,Solar Panel,206,318,462,467
0115.jpg,Solar Panel,224,477,481,646
0116.jpg,Solar Panel,481,296,723,450
0116.jpg,Solar Panel,206,315,462,464
0116.jpg,Solar Panel,217,474,477,642
0117.jpg,Solar Panel,482,297,728,450
0117.jpg,Solar Panel,206,312,463,462
0117.jpg,Solar Panel,210,472,473,638
0118.jpg,Solar Panel,483,298,732,450
0118.jpg,Solar Panel,207,309,464,459
0118.jpg,Solar Panel,202,469,469,634
0119.jpg,Solar Panel,483,299,737,450
0119.jpg,Solar Panel,207,307,464,456
0119.jpg,Solar Panel,195,466,466,629
0120.jpg,Solar Panel,484,301,741,450
0120.jpg,Solar Panel,208,304,465,453
0120.jpg,Solar Panel,188,463,462,624
0121.jpg,FT,355,389,590,731
0121.jpg,Solar Panel,485,302,745,449
0121.jpg,Solar Panel,208,302,466,451
0121.jpg,Solar Panel,181,460,458,619
0122.jpg,FT,353,388,589,732
0122.jpg,Solar Panel,486,304,749,449
0122.jpg,Solar Panel,209,300,467,448
0122.jpg,Solar Panel,174,457,454,613
0123.jpg,FT,351,387,588,733
0123.jpg,Solar Panel,487,305,753,449
0123.jpg,Solar Panel,210,298,467,445
0123.jpg,Solar Panel,167,454,450,608
0124.jpg,FT,349,386,588,734
0124.jpg,Solar Panel,488,307,758,448
0124.jpg,Solar Panel,212,296,468,442
0124.jpg,Solar Panel,160,450,446,602
0125.jpg,FT,347,385,587,734
0125.jpg,Solar Panel,489,309,762,447
0125.jpg,Solar Panel,213,294,469,439
0125.jpg,Solar Panel,153,447,442,596
0126.jpg,FT,345,384,586,735
0126.jpg,Solar Panel,490,311,766,447
0126.jpg,Solar Panel,214,293,470,436
0126.jpg,Solar Panel,146,444,438,590
0127.jpg,FT,343,383,585,735
0127.jpg,Solar Panel,491,313,769,446
0127.jpg,Solar Panel,216,292,471,433
0127.jpg,Solar Panel,140,441,434,584
0128.jpg,FT,341,382,584,736
0128.jpg,Solar Panel,492,315,773,445
0128.jpg,Solar Panel,218,291,472,430
0128.jpg,Solar Panel,133,438,430,577
0129.jpg,FT,340,381,583,736
0129.jpg,Solar Panel,493,317,777,444
0129.jpg,Solar Panel,220,290,473,428
0129.jpg,Solar Panel,127,435,426,570
0130.jpg,FT,338,381,582,736
0130.jpg,Solar Panel,494,319,781,443
0130.jpg,Solar Panel,222,289,474,425
0130.jpg,Solar Panel,121,431,422,563
0131.jpg,FT,336,380,581,736
0131.jpg,Solar Panel,495,321,784,442
0131.jpg,Solar Panel,225,289,475,422
0131.jpg,Solar Panel,115,428,418,556
0132.jpg,FT,335,379,580,736
0132.jpg,Solar Panel,497,324,787,441
0132.jpg,Solar Panel,227,289,476,419
0132.jpg,Solar Panel,109,425,414,549
0133.jpg,FT,333,379,579,736
0133.jpg,Solar Panel,498,326,791,440
0133.jpg,Solar Panel,230,289,477,416
0133.jpg,Solar Panel,104,422,410,542
0134.jpg,FT,332,378,578,735
0134.jpg,Solar Panel,499,329,794,439
0134.jpg,Solar Panel,233,289,478,414
0134.jpg,Solar Panel,98,419,406,535
0135.jpg,FT,331,377,577,735
0135.jpg,Solar Panel,500,331,797,437
0135.jpg,Solar Panel,236,290,479,411
0135.jpg,Solar Panel,93,416,402,527
0136.jpg,FT,329,377,575,735
0136.jpg,Solar Panel,501,333,800,436
0136.jpg,Solar Panel,239,291,480,409
0136.jpg,Solar Panel,88,413,398,520
0137.jpg,FT,328,376,574,734
0137.jpg,Solar Panel,502,336,803,434
0137.jpg,Solar Panel,242,292,481,406
0137.jpg,Solar Panel,83,410,394,512
0138.jpg,FT,327,376,572,733
0138.jpg,Solar Panel,503,339,805,432
0138.jpg,Solar Panel,246,294,482,404
0138.jpg,Solar Panel,79,407,390,505
0139.jpg,FT,326,376,571,732
0139.jpg,Solar Panel,505,341,808,431
0139.jpg,Solar Panel,250,296,483,402
0139.jpg,Solar Panel,75,404,386,497
0140.jpg,FT,325,376,570,732
0141.jpg,FT,324,376,568,730
0142.jpg,FT,324,376,566,729
0143.jpg,FT,323,376,565,728
0144.jpg,FT,323,376,563,727
0145.jpg,FT,322,376,562,725
0146.jpg,FT,322,376,560,724
0147.jpg,FT,322,377,558,722
0148.jpg,FT,322,377,556,720
0149.jpg,FT,322,377,554,718
0150.jpg,FT,323,378,553,717
0151.jpg,FT,323,379,551,715
0152.jpg,FT,323,379,549,712
0153.jpg,FT,324,380,547,710
0154.jpg,FT,325,381,545,708
0155.jpg,FT,325,382,543,706
0156.jpg,FT,326,383,540,704
0157.jpg,FT,327,384,538,702
0158.jpg,FT,328,385,536,700
0159.jpg,FT,327,384,534,698
0160.jpg,FT,324,382,532,696
0161.jpg,FT,322,380,530,694
0162.jpg,FT,320,378,532,692
0163.jpg,FT,318,376,533,691
0164.jpg,FT,316,374,534,692
0165.jpg,FT,314,372,535,693
0166.jpg,FT,313,370,536,695
0167.jpg,FT,311,368,537,696
0168.jpg,FT,310,367,539,697
0169.jpg,FT,308,365,540,698
0170.jpg,FT,307,364,541,699
0171.jpg,FT,306,363,542,701
0172.jpg,FT,305,361,543,702
0173.jpg,FT,304,360,544,703
0174.jpg,FT,303,359,545,704
0175.jpg,FT,303,358,546,705
0176.jpg,FT,302,357,546,706
0177.jpg,FT,302,356,547,707
0178.jpg,FT,301,356,548,708
0179.jpg,FT,301,355,549,709
0180.jpg,FT,301,355,550,710
0181.jpg,FT,301,354,551,711
0182.jpg,FT,301,354,551,712
0183.jpg,FT,302,354,552,712
0184.jpg,FT,302,354,553,713
0185.jpg,FT,303,355,553,713
0186.jpg,FT,303,355,554,714
0187.jpg,FT,304,355,554,714
0188.jpg,FT,305,356,555,715
0189.jpg,FT,306,357,555,715
0190.jpg,FT,307,358,556,715
0191.jpg,Engine,350,500,496,710
0191.jpg,FT,308,359,556,715
0191.jpg,Solar Panel,466,283,757,427
0191.jpg,Solar Panel,125,416,403,544
0192.jpg,Engine,352,501,497,709
0192.jpg,FT,310,360,556,715
0192.jpg,Solar Panel,464,280,753,428
0192.jpg,Solar Panel,132,420,406,550
0193.jpg,Engine,354,501,498,709
0193.jpg,FT,311,361,557,715
0193.jpg,Solar Panel,462,278,749,429
0193.jpg,Solar Panel,138,423,410,556
0194.jpg,Engine,356,501,499,708
0194.jpg,FT,313,362,557,715
0194.jpg,Solar Panel,460,276,745,430
0194.jpg,Solar Panel,144,427,413,562
0195.jpg,Engine,358,502,501,708
0195.jpg,FT,314,363,557,715
0195.jpg,Solar Panel,459,274,740,430
0195.jpg,Solar Panel,151,430,416,568
0196.jpg,Engine,360,502,502,708
0196.jpg,FT,316,364,558,715
0196.jpg,Solar Panel,457,272,736,431
0196.jpg,Solar Panel,157,433,420,574
0197.jpg,Engine,362,503,503,707
0197.jpg,FT,318,366,558,714
0197.jpg,Solar Panel,456,270,731,432
0197.jpg,Solar Panel,164,437,423,579
0198.jpg,Engine,364,503,504,707
0198.jpg,FT,320,367,558,714
0198.jpg,Solar Panel,454,268,726,432
0198.jpg,Solar Panel,171,440,426,584
0199.jpg,Engine,366,504,505,706
0199.jpg,FT,322,369,558,713
0199.jpg,Solar Panel,453,267,721,433
0199.jpg,Solar Panel,177,444,430,590
0200.jpg,Engine,368,505,507,706
0200.jpg,FT,324,370,558,713
0200.jpg,Solar Panel,451,266,717,433
0201.jpg,Engine,371,505,508,705
0201.jpg,FT,326,372,558,712
0201.jpg,Solar Panel,450,264,712,434
0202.jpg,Engine,373,506,509,704
0202.jpg,FT,328,373,558,712
0202.jpg,Solar Panel,449,263,707,434
0203.jpg,Engine,375,506,510,704
0203.jpg,FT,330,375,558,711
0203.jpg,Solar Panel,447,263,702,435
0204.jpg,Engine,378,507,511,703
0204.jpg,FT,332,377,558,710
0204.jpg,Solar Panel,446,262,697,435
0205.jpg,Engine,380,508,512,702
0205.jpg,FT,335,379,558,710
0205.jpg,Solar Panel,445,261,692,435
0206.jpg,Engine,382,508,513,701
0206.jpg,FT,337,380,558,709
0206.jpg,Solar Panel,444,261,687,435
0207.jpg,Engine,385,509,514,700
0207.jpg,FT,339,382,558,708
0207.jpg,Solar Panel,443,260,682,436
0208.jpg,Engine,387,510,515,700
0208.jpg,FT,342,384,558,707
0208.jpg,Solar Panel,442,260,677,436
0209.jpg,Engine,389,510,516,699
0209.jpg,FT,344,386,558,706
0209.jpg,Solar Panel,441,260,672,436
0210.jpg,Engine,392,511,517,698
0210.jpg,FT,346,387,558,705
0210.jpg,Solar Panel,440,260,667,436
0211.jpg,Engine,394,512,518,697
0211.jpg,FT,349,389,558,705
0211.jpg,Solar Panel,439,260,662,436
0211.jpg,Solar Panel,487,446,731,585
0212.jpg,Engine,397,513,519,696
0212.jpg,FT,351,391,557,704
0212.jpg,Solar Panel,438,260,657,436
0212.jpg,Solar Panel,489,446,733,584
0213.jpg,Engine,399,513,520,695
0213.jpg,FT,354,393,557,703
0213.jpg,Solar Panel,437,260,652,436
0213.jpg,Solar Panel,492,446,734,582
0214.jpg,Engine,401,514,520,694
0214.jpg,FT,356,394,557,702
0214.jpg,Solar Panel,437,261,647,437
0214.jpg,Solar Panel,495,446,735,580
0215.jpg,Engine,404,515,521,693
0215.jpg,FT,359,396,557,701
0215.jpg,Solar Panel,436,261,642,437
0215.jpg,Solar Panel,497,446,736,579
0216.jpg,Engine,406,515,522,692
0216.jpg,FT,361,398,556,700
0216.jpg,Solar Panel,435,262,637,437
0216.jpg,Solar Panel,500,446,737,577
0217.jpg,Engine,408,516,523,691
0217.jpg,FT,364,400,556,699
0217.jpg,Solar Panel,435,262,633,437
0217.jpg,Solar Panel,502,446,738,575
0218.jpg,Engine,411,517,524,690
0218.jpg,FT,366,401,556,698
0218.jpg,Solar Panel,434,263,628,436
0218.jpg,Solar Panel,504,446,738,573
0219.jpg,Engine,413,517,524,689
0219.jpg,FT,369,403,556,696
0219.jpg,Solar Panel,433,264,623,436
0219.jpg,Solar Panel,507,446,739,571
0220.jpg,Engine,415,518,525,688
0220.jpg,FT,371,405,555,695
0220.jpg,Solar Panel,433,265,619,436
0220.jpg,Solar Panel,509,446,739,569
0221.jpg,Engine,417,519,526,687
0221.jpg,FT,373,406,555,694
0221.jpg,Solar Panel,432,265,614,436
0221.jpg,Solar Panel,511,446,740,566
0222.jpg,Engine,420,519,526,687
0222.jpg,FT,376,408,555,693
0222.jpg,Solar Panel,432,266,610,436
0222.jpg,Solar Panel,514,445,740,564
0223.jpg,Engine,422,520,527,686
0223.jpg,FT,378,409,554,692
0223.jpg,Solar Panel,431,267,605,436
0223.jpg,Solar Panel,516,445,741,562
0224.jpg,Engine,424,521,528,685
0224.jpg,FT,381,411,554,691
0224.jpg,Solar Panel,431,268,601,436
0224.jpg,Solar Panel,518,445,741,559
0225.jpg,Engine,426,521,528,684
0225.jpg,FT,383,413,554,690
0225.jpg,Solar Panel,430,269,596,436
0225.jpg,Solar Panel,520,445,741,557
0226.jpg,Engine,428,522,529,683
0226.jpg,FT,385,414,553,689
0226.jpg,Solar Panel,430,270,592,435
0226.jpg,Solar Panel,522,444,741,554
0227.jpg,Engine,431,522,529,682
0227.jpg,FT,388,415,553,688
0227.jpg,Solar Panel,429,271,588,435
0227.jpg,Solar Panel,524,444,741,552
0228.jpg,Engine,433,523,530,681
0228.jpg,FT,390,417,553,687
0228.jpg,Solar Panel,429,272,584,435
0228.jpg,Solar Panel,526,444,742,549
0229.jpg,Engine,435,524,531,680
0229.jpg,FT,392,418,553,686
0229.jpg,Solar Panel,429,273,580,435
0229.jpg,Solar Panel,528,444,742,547
0230.jpg,Engine,437,524,531,680
0230.jpg,FT,394,420,552,686
0230.jpg,Solar Panel,428,274,576,435
0230.jpg,Solar Panel,530,443,742,544
0231.jpg,Engine,439,525,532,679
0231.jpg,FT,397,421,552,685
0231.jpg,Solar Panel,428,276,572,434
0231.jpg,Solar Panel,532,443,742,542
0232.jpg,Engine,441,525,532,678
0232.jpg,FT,399,422,552,684
0232.jpg,Solar Panel,428,277,568,434
0232.jpg,Solar Panel,534,442,742,539
0233.jpg,Engine,443,526,533,678
0233.jpg,FT,401,423,551,683
0233.jpg,Solar Panel,427,278,564,434
0233.jpg,Solar Panel,535,442,742,536
0234.jpg,Engine,445,526,533,677
0234.jpg,FT,403,425,551,682
0234.jpg,Solar Panel,427,279,560,433
0234.jpg,Solar Panel,537,442,742,534
0235.jpg,Engine,446,527,534,676
0235.jpg,FT,405,426,551,681
0235.jpg,Solar Panel,427,280,556,433
0235.jpg,Solar Panel,539,441,742,531
0236.jpg,Engine,448,527,534,676
0236.jpg,FT,407,427,550,681
0236.jpg,Solar Panel,426,281,553,433
0236.jpg,Solar Panel,541,441,742,528
0237.jpg,Engine,450,528,535,675
0237.jpg,FT,409,428,550,680
0237.jpg,Solar Panel,426,282,549,432
0237.jpg,Solar Panel,542,440,742,526
0238.jpg,Engine,452,528,535,675
0238.jpg,FT,410,429,550,679
0238.jpg,Solar Panel,426,283,545,432
0238.jpg,Solar Panel,544,440,742,523
0239.jpg,Engine,454,529,536,674
0239.jpg,FT,410,430,550,679
0239.jpg,Solar Panel,425,284,542,432
0239.jpg,Solar Panel,546,439,742,520
0240.jpg,Engine,454,529,536,675
0240.jpg,FT,410,430,550,679
0240.jpg,Solar Panel,422,285,538,431
0240.jpg,Solar Panel,547,437,742,520
0241.jpg,Engine,455,528,538,675
0241.jpg,FT,410,430,552,680
0241.jpg,Solar Panel,419,284,538,432
0241.jpg,Solar Panel,547,434,742,519
0242.jpg,Engine,455,528,540,676
0242.jpg,FT,410,429,553,681
0242.jpg,Solar Panel,415,284,537,432
0242.jpg,Solar Panel,547,431,742,518
0243.jpg,Engine,456,527,542,676
0243.jpg,FT,410,429,555,682
0243.jpg,Solar Panel,412,284,537,433
0243.jpg,Solar Panel,547,429,743,518
0244.jpg,Engine,456,527,543,677
0244.jpg,FT,410,428,557,683
0244.jpg,Solar Panel,408,283,537,434
0244.jpg,Solar Panel,547,426,745,517
0245.jpg,Engine,457,527,545,677
0245.jpg,FT,410,427,559,684
0245.jpg,Solar Panel,405,283,536,435
0245.jpg,Solar Panel,547,423,747,517
0246.jpg,Engine,457,526,547,678
0246.jpg,FT,409,427,561,685
0246.jpg,Solar Panel,401,282,536,436
0246.jpg,Solar Panel,547,420,749,516
0247.jpg,Engine,458,526,549,679
0247.jpg,FT,409,426,563,686
0247.jpg,Solar Panel,398,282,536,436
0247.jpg,Solar Panel,547,417,750,515
0248.jpg,Engine,458,525,550,679
0248.jpg,FT,409,425,565,687
0248.jpg,Solar Panel,395,281,535,437
0248.jpg,Solar Panel,547,414,752,514
0249.jpg,Engine,459,525,552,680
0249.jpg,FT,409,425,566,688
0249.jpg,Solar Panel,391,281,535,438
0249.jpg,Solar Panel,546,411,754,514
0250.jpg,Engine,459,525,554,681
0250.jpg,FT,408,424,568,689
0250.jpg,Solar Panel,388,280,535,438
0250.jpg,Solar Panel,546,409,756,513
0251.jpg,Engine,460,524,556,682
0251.jpg,FT,408,423,570,690
0251.jpg,Solar Panel,384,280,534,439
0251.jpg,Solar Panel,546,406,757,512
0252.jpg,Engine,460,524,557,682
0252.jpg,FT,408,423,572,692
0252.jpg,Solar Panel,381,279,534,439
0252.jpg,Solar Panel,546,403,759,511
0253.jpg,Engine,461,524,559,683
0253.jpg,FT,408,422,574,693
0253.jpg,Solar Panel,377,279,534,440
0253.jpg,Solar Panel,546,400,761,510
0254.jpg,Engine,461,523,561,684
0254.jpg,FT,407,421,576,694
0254.jpg,Solar Panel,374,278,533,441
0254.jpg,Solar Panel,546,397,763,509
0255.jpg,Engine,461,523,563,685
0255.jpg,FT,407,420,578,695
0255.jpg,Solar Panel,370,278,533,441
0255.jpg,Solar Panel,546,394,765,508
0256.jpg,Engine,462,522,565,686
0256.jpg,FT,407,419,580,697
0256.jpg,Solar Panel,367,277,533,442
0256.jpg,Solar Panel,546,391,767,507
0257.jpg,Engine,462,522,566,687
0257.jpg,FT,407,418,582,698
0257.jpg,Solar Panel,363,277,532,442
0257.jpg,Solar Panel,546,387,768,506
0258.jpg,Engine,463,522,568,688
0258.jpg,FT,406,418,584,699
0258.jpg,Solar Panel,359,276,532,443
0258.jpg,Solar Panel,545,384,770,505
0259.jpg,Engine,463,521,570,689
0259.jpg,FT,406,417,586,701
0259.jpg,Solar Panel,356,276,532,443
0259.jpg,Solar Panel,545,381,772,504
0260.jpg,Engine,464,521,572,690
0260.jpg,FT,406,416,588,702
0260.jpg,Solar Panel,352,275,531,444
0260.jpg,Solar Panel,545,378,774,503
0261.jpg,Engine,465,521,574,691
0261.jpg,FT,406,415,590,703
0261.jpg,Solar Panel,348,275,531,444
0261.jpg,Solar Panel,545,375,776,502
0262.jpg,Engine,465,520,576,692
0262.jpg,FT,405,414,592,705
0262.jpg,Solar Panel,345,275,531,445
0262.jpg,Solar Panel,545,371,778,501
0263.jpg,Engine,466,520,578,693
0263.jpg,FT,405,413,594,706
0263.jpg,Solar Panel,341,274,530,445
0263.jpg,Solar Panel,545,368,779,499
0264.jpg,Engine,466,519,580,694
0264.jpg,FT,405,412,596,708
0264.jpg,Solar Panel,337,274,530,445
0264.jpg,Solar Panel,545,365,781,498
0265.jpg,Engine,467,519,582,695
0265.jpg,FT,405,411,598,709
0265.jpg,Solar Panel,333,273,529,446
0265.jpg,Solar Panel,544,361,783,497
0266.jpg,Engine,467,519,584,696
0266.jpg,FT,405,410,600,711
0266.jpg,Solar Panel,329,273,529,446
0266.jpg,Solar Panel,544,358,785,495
0267.jpg,Engine,468,518,586,697
0267.jpg,FT,404,409,602,712
0267.jpg,Solar Panel,325,273,529,446
0267.jpg,Solar Panel,544,354,787,494
0268.jpg,Engine,469,518,588,698
0268.jpg,FT,404,408,604,714
0268.jpg,Solar Panel,321,272,528,447
0268.jpg,Solar Panel,544,351,789,492
0269.jpg,Engine,469,517,590,699
0269.jpg,FT,404,407,606,715
0269.jpg,Solar Panel,317,272,528,447
0269.jpg,Solar Panel,544,347,791,491
0270.jpg,Engine,470,517,592,700
0270.jpg,FT,404,406,609,716
0270.jpg,Solar Panel,313,272,527,447
0270.jpg,Solar Panel,543,344,792,489
0271.jpg,Engine,470,517,594,702
0271.jpg,FT,404,404,611,718
0271.jpg,Solar Panel,309,272,527,448
0271.jpg,Solar Panel,543,340,794,488
0272.jpg,Engine,471,516,596,703
0272.jpg,FT,404,403,613,719
0272.jpg,Solar Panel,305,271,526,448
0272.jpg,Solar Panel,543,337,796,486
0273.jpg,Engine,472,516,598,704
0273.jpg,FT,404,402,615,721
0273.jpg,Solar Panel,301,271,526,448
0273.jpg,Solar Panel,543,333,798,484
0274.jpg,Engine,473,515,600,705
0274.jpg,FT,404,401,618,722
0274.jpg,Solar Panel,297,271,525,448
0274.jpg,Solar Panel,543,330,799,482
0275.jpg,Engine,473,515,602,706
0275.jpg,FT,404,400,620,724
0275.jpg,Solar Panel,293,271,525,448
0275.jpg,Solar Panel,542,326,801,480
0276.jpg,Engine,474,515,604,707
0276.jpg,FT,403,399,622,725
0276.jpg,Solar Panel,289,271,524,449
0276.jpg,Solar Panel,542,322,802,479
0277.jpg,Engine,475,514,606,708
0277.jpg,FT,403,397,624,727
0277.jpg,Solar Panel,285,271,524,449
0277.jpg,Solar Panel,542,319,804,477
0278.jpg,Engine,476,514,609,710
0278.jpg,FT,403,396,627,728
0278.jpg,Solar Panel,280,272,523,449
0278.jpg,Solar Panel,541,315,805,475
0279.jpg,Engine,476,513,611,711
0279.jpg,FT,403,395,629,729
0279.jpg,Solar Panel,276,272,523,449
0279.jpg,Solar Panel,541,312,807,473
0280.jpg,Engine,477,513,613,712
0280.jpg,FT,403,394,631,731
0280.jpg,Solar Panel,272,272,522,449
0280.jpg,Solar Panel,541,308,808,470
0281.jpg,Engine,478,512,615,713
0281.jpg,FT,404,392,634,732
0281.jpg,Solar Panel,268,272,521,449
0281.jpg,Solar Panel,540,305,810,468
0282.jpg,Engine,479,512,617,714
0282.jpg,FT,404,391,636,733
0282.jpg,Solar Panel,263,273,521,449
0282.jpg,Solar Panel,540,301,811,466
0283.jpg,Engine,480,512,619,715
0283.jpg,FT,404,390,638,735
0283.jpg,Solar Panel,259,273,520,449
0283.jpg,Solar Panel,539,298,812,464
0284.jpg,Engine,481,511,622,716
0284.jpg,FT,404,389,641,736
0284.jpg,Solar Panel,255,274,519,449
0284.jpg,Solar Panel,539,294,813,461
0285.jpg,Engine,482,511,624,717
0285.jpg,FT,404,387,643,737
0285.jpg,Solar Panel,251,275,519,449
0285.jpg,Solar Panel,538,291,814,459
0286.jpg,Engine,483,510,626,718
0286.jpg,FT,405,386,645,738
0286.jpg,Solar Panel,247,275,518,448
0286.jpg,Solar Panel,538,288,815,457
0287.jpg,Engine,484,510,628,719
0287.jpg,FT,405,385,648,739
0287.jpg,Solar Panel,243,276,517,448
0287.jpg,Solar Panel,537,285,816,454
0288.jpg,Engine,485,509,630,720
0288.jpg,FT,405,384,650,740
0288.jpg,Solar Panel,239,277,517,448
0288.jpg,Solar Panel,537,282,816,452
0289.jpg,Engine,486,509,632,721
0289.jpg,FT,406,383,652,741
0289.jpg,Solar Panel,235,278,516,448
0289.jpg,Solar Panel,536,279,817,449
0290.jpg,Engine,487,509,634,722
0290.jpg,FT,406,381,654,742
0290.jpg,Solar Panel,231,279,515,447
0290.jpg,Solar Panel,536,276,817,447
0291.jpg,Engine,488,508,636,722
0291.jpg,FT,406,380,656,743
0291.jpg,Solar Panel,227,281,514,447
0291.jpg,Solar Panel,535,273,818,444
0291.jpg,Solar Panel,547,454,817,601
0292.jpg,Engine,489,508,638,723
0292.jpg,FT,407,379,659,743
0292.jpg,Solar Panel,223,282,513,446
0292.jpg,Solar Panel,534,271,818,442
0292.jpg,Solar Panel,550,451,824,597
0293.jpg,Engine,490,508,640,724
0293.jpg,FT,408,378,661,744
0293.jpg,Solar Panel,219,283,512,446
0293.jpg,Solar Panel,534,268,818,439
0293.jpg,Solar Panel,554,448,830,592
0294.jpg,Engine,491,507,642,724
0294.jpg,FT,408,377,663,744
0294.jpg,Solar Panel,216,285,512,445
0294.jpg,Solar Panel,533,266,818,437
0294.jpg,Solar Panel,557,445,836,588
0295.jpg,Engine,493,507,644,725
0295.jpg,FT,409,376,665,745
0295.jpg,Solar Panel,212,286,511,445
0295.jpg,Solar Panel,532,264,817,434
0295.jpg,Solar Panel,560,443,842,583
0296.jpg,Engine,494,507,646,725
0296.jpg,FT,410,375,667,745
0296.jpg,Solar Panel,209,288,510,444
0296.jpg,Solar Panel,532,262,817,431
0296.jpg,Solar Panel,564,440,848,578
0297.jpg,Engine,495,506,648,726
0297.jpg,FT,410,374,668,746
0297.jpg,Solar Panel,205,290,509,443
0297.jpg,Solar Panel,531,260,817,429
0297.jpg,Solar Panel,567,437,854,573
0298.jpg,Engine,496,506,650,726
0298.jpg,FT,411,373,670,746
0298.jpg,Solar Panel,202,292,508,443
0298.jpg,Solar Panel,530,258,816,426
0298.jpg,Solar Panel,570,434,860,568
0299.jpg,Engine,497,506,652,727
0299.jpg,FT,412,372,672,746
0299.jpg,Solar Panel,199,294,507,442
0299.jpg,Solar Panel,529,257,815,424
0299.jpg,Solar Panel,574,431,866,563
0300.jpg,FT,413,371,674,746
0300.jpg,Solar Panel,196,296,506,441
0300.jpg,Solar Panel,528,256,814,421
0300.jpg,Solar Panel,577,428,872,558
0301.jpg,FT,414,370,675,746
0301.jpg,Solar Panel,193,298,505,440
0301.jpg,Solar Panel,528,255,813,419
0301.jpg,Solar Panel,580,426,877,552
0302.jpg,FT,415,370,677,746
0302.jpg,Solar Panel,190,300,504,439
0302.jpg,Solar Panel,527,254,811,416
0302.jpg,Solar Panel,584,423,883,547
0303.jpg,FT,416,369,678,745
0303.jpg,Solar Panel,188,302,503,438
0303.jpg,Solar Panel,526,253,810,414
0303.jpg,Solar Panel,587,420,888,542
0304.jpg,FT,417,368,680,745
0304.jpg,Solar Panel,185,304,502,437
0304.jpg,Solar Panel,525,253,808,411
0304.jpg,Solar Panel,590,418,893,536
0305.jpg,FT,418,368,681,744
0305.jpg,Solar Panel,183,307,501,436
0305.jpg,Solar Panel,524,253,807,409
0305.jpg,Solar Panel,594,415,898,530
0306.jpg,FT,420,367,682,744
0306.jpg,Solar Panel,181,309,500,435
0306.jpg,Solar Panel,523,253,805,407
0306.jpg,Solar Panel,597,412,903,525
0307.jpg,FT,421,367,683,743
0307.jpg,Solar Panel,179,311,499,434
0307.jpg,Solar Panel,522,254,802,405
0307.jpg,Solar Panel,600,410,908,519
0308.jpg,FT,422,366,684,742
0308.jpg,Solar Panel,177,314,498,433
0308.jpg,Solar Panel,521,254,800,402
0308.jpg,Solar Panel,603,407,912,514
0309.jpg,FT,423,366,685,741
0309.jpg,Solar Panel,176,316,497,431
0309.jpg,Solar Panel,520,255,798,400
0309.jpg,Solar Panel,606,405,917,508
0310.jpg,FT,424,366,686,740
0310.jpg,Solar Panel,174,319,496,430
0310.jpg,Solar Panel,519,256,795,398
0311.jpg,FT,426,366,687,739
0311.jpg,Solar Panel,173,321,495,429
0311.jpg,Solar Panel,518,258,792,397
0312.jpg,FT,427,366,687,738
0312.jpg,Solar Panel,172,324,494,428
0312.jpg,Solar Panel,518,259,790,395
0313.jpg,FT,428,366,688,737
0313.jpg,Solar Panel,171,326,494,426
0313.jpg,Solar Panel,517,261,787,393
0314.jpg,FT,430,366,689,736
0314.jpg,Solar Panel,170,329,493,425
0314.jpg,Solar Panel,516,263,784,392
0315.jpg,FT,431,366,689,734
0315.jpg,Solar Panel,170,331,492,424
0315.jpg,Solar Panel,515,265,780,390
0316.jpg,FT,432,366,689,733
0316.jpg,Solar Panel,169,333,491,423
0316.jpg,Solar Panel,514,268,777,389
0317.jpg,FT,434,366,690,731
0317.jpg,Solar Panel,169,336,490,421
0317.jpg,Solar Panel,513,270,774,388
0318.jpg,FT,435,366,690,730
0318.jpg,Solar Panel,169,338,489,420
0318.jpg,Solar Panel,512,273,770,387
0319.jpg,FT,436,366,690,728
0319.jpg,Solar Panel,169,341,488,419
0319.jpg,Solar Panel,511,276,767,386
0320.jpg,FT,438,367,690,727
0321.jpg,FT,439,367,690,725
0322.jpg,FT,440,368,690,723
0323.jpg,FT,442,368,689,722
0324.jpg,FT,443,369,689,720
0325.jpg,FT,444,369,689,718
0326.jpg,FT,446,370,688,717
0327.jpg,FT,447,371,688,715
0328.jpg,FT,448,371,687,713
0329.jpg,FT,449,372,687,712
0330.jpg,FT,451,373,686,710
0331.jpg,FT,452,373,685,708
0332.jpg,FT,453,374,685,707
0333.jpg,FT,454,375,684,705
0334.jpg,FT,455,375,683,704
0335.jpg,FT,456,376,683,702
0336.jpg,FT,457,377,682,701
0337.jpg,FT,458,378,681,700
0338.jpg,FT,459,378,681,698
0339.jpg,FT,460,379,680,697
0340.jpg,FT,461,380,679,696
0341.jpg,FT,462,380,678,694
0342.jpg,FT,463,381,678,693
0343.jpg,FT,463,382,677,692
0344.jpg,FT,464,382,676,691
0345.jpg,FT,465,383,676,691
0346.jpg,FT,466,383,675,690
0347.jpg,FT,466,384,675,690
0348.jpg,FT,467,384,674,690
0349.jpg,FT,467,385,673,690
0350.jpg,FT,468,385,673,690
0351.jpg,FT,468,386,673,690
0352.jpg,FT,469,386,672,690
0353.jpg,FT,469,386,672,690
0354.jpg,FT,469,386,671,690
0355.jpg,FT,470,387,671,689
0356.jpg,FT,470,387,671,689
0357.jpg,FT,470,387,671,689
0358.jpg,FT,470,387,671,689
0359.jpg,FT,470,387,671,689
0360.jpg,FT,470,387,671,689
